duration,protocol_type,service,flag,src_bytes,dst_bytes,land,wrong_fragment,urgent,hot
0,,DNS,0,91,0,0,0,0,0
0,,DNS,0,91,0,0,0,0,0
0,,DNS,0,91,0,0,0,0,0
0,,DNS,0,123,0,0,0,0,0
0,,DNS,0,136,0,0,0,0,0
0,,DNS,0,119,0,0,0,0,0
0,,HTTPS,0,1292,0,0,0,0,0
0,,HTTPS,0,1292,0,0,0,0,0
0,,HTTPS,0,142,0,0,0,0,0
0,,HTTPS,0,1262,0,0,0,0,0
0,,HTTPS,0,1262,0,0,0,0,0
0,,HTTPS,0,1262,0,0,0,0,0
0,,HTTPS,0,86,0,0,0,0,0
0,,HTTPS,0,86,0,0,0,0,0
0,,HTTPS,0,111,0,0,0,0,0
0,,HTTPS,0,1292,0,0,0,0,0
0,,HTTPS,0,105,0,0,0,0,0
0,,HTTPS,0,109,0,0,0,0,0
0,,HTTPS,0,1292,0,0,0,0,0
0,,HTTPS,0,1292,0,0,0,0,0
0,,HTTPS,0,1292,0,0,0,0,0
0,,HTTPS,0,1073,0,0,0,0,0
0,,HTTPS,0,208,0,0,0,0,0
0,,HTTPS,0,91,0,0,0,0,0
0,,HTTPS,0,106,0,0,0,0,0
0,,HTTPS,0,91,0,0,0,0,0
0,,HTTPS,0,117,0,0,0,0,0
0,,HTTPS,0,96,0,0,0,0,0
0,,HTTPS,0,287,0,0,0,0,0
0,,HTTPS,0,95,0,0,0,0,0
0,,HTTPS,0,95,0,0,0,0,0
0,,HTTPS,0,95,0,0,0,0,0
0,,HTTPS,0,328,0,0,0,0,0
0,,HTTPS,0,89,0,0,0,0,0
0,,HTTPS,0,94,0,0,0,0,0
0,,HTTPS,0,512,0,0,0,0,0
0,,HTTPS,0,106,0,0,0,0,0
0,,HTTPS,0,164,0,0,0,0,0
0,,HTTPS,0,97,0,0,0,0,0
0,,HTTPS,0,86,0,0,0,0,0
0,,DNS,0,94,0,0,0,0,0
0,,DNS,0,94,0,0,0,0,0
0,,DNS,0,94,0,0,0,0,0
0,,DNS,0,139,0,0,0,0,0
0,,DNS,0,126,0,0,0,0,0
0,,DNS,0,122,0,0,0,0,0
0,,HTTPS,0,1292,0,0,0,0,0
0,,HTTPS,0,1292,0,0,0,0,0
0,,HTTPS,0,138,0,0,0,0,0
0,,HTTPS,0,1262,0,0,0,0,0
0,,HTTPS,0,1262,0,0,0,0,0
0,,HTTPS,0,1262,0,0,0,0,0
0,,HTTPS,0,86,0,0,0,0,0
0,,HTTPS,0,86,0,0,0,0,0
0,,HTTPS,0,111,0,0,0,0,0
0,,HTTPS,0,1292,0,0,0,0,0
0,,HTTPS,0,105,0,0,0,0,0
0,,HTTPS,0,109,0,0,0,0,0
0,,HTTPS,0,1286,0,0,0,0,0
0,,HTTPS,0,715,0,0,0,0,0
0,,HTTPS,0,91,0,0,0,0,0
0,,HTTPS,0,107,0,0,0,0,0
0,,HTTPS,0,695,0,0,0,0,0
0,,HTTPS,0,1292,0,0,0,0,0
0,,HTTPS,0,1292,0,0,0,0,0
0,,HTTPS,0,143,0,0,0,0,0
0,,HTTPS,0,1292,0,0,0,0,0
0,,HTTPS,0,106,0,0,0,0,0
0,,HTTPS,0,1292,0,0,0,0,0
0,,HTTPS,0,1292,0,0,0,0,0
0,,HTTPS,0,358,0,0,0,0,0
0,,HTTPS,0,996,0,0,0,0,0
0,,HTTPS,0,87,0,0,0,0,0
0,,HTTPS,0,140,0,0,0,0,0
0,,HTTPS,0,93,0,0,0,0,0
0,,HTTPS,0,662,0,0,0,0,0
0,,HTTPS,0,91,0,0,0,0,0
0,,HTTPS,0,96,0,0,0,0,0
0,,HTTPS,0,182,0,0,0,0,0
0,,HTTPS,0,94,0,0,0,0,0
0,17,UDP,0,217,183,0,0,0,0
0,17,UDP,0,217,183,0,0,0,0
0,,HTTPS,0,963,0,0,0,0,0
0,,HTTPS,0,97,0,0,0,0,0
0,,HTTPS,0,92,0,0,0,0,0
0,,HTTPS,0,98,0,0,0,0,0
0,,HTTPS,0,83,0,0,0,0,0
0,,HTTPS,0,85,0,0,0,0,0
0,,HTTPS,0,93,0,0,0,0,0
0,,HTTPS,0,86,0,0,0,0,0
0,17,UDP,0,217,183,0,0,0,0
0,17,UDP,0,217,183,0,0,0,0
0,17,UDP,0,119,85,0,0,0,0
0,17,UDP,0,217,183,0,0,0,0
0,17,UDP,0,217,183,0,0,0,0
0,,HTTPS,0,91,0,0,0,0,0
0,,HTTPS,0,86,0,0,0,0,0
0,17,UDP,0,217,183,0,0,0,0
0,17,UDP,0,217,183,0,0,0,0
0,,HTTPS,PA,98,0,0,0,0,0
0,,HTTPS,PA,102,0,0,0,0,0
0,,HTTPS,A,74,0,0,0,0,0
0,,HTTPS,0,1292,0,0,0,0,0
0,,HTTPS,0,1292,0,0,0,0,0
0,,HTTPS,0,139,0,0,0,0,0
0,,HTTPS,0,142,0,0,0,0,0
0,,HTTPS,0,452,0,0,0,0,0
0,,HTTPS,0,1292,0,0,0,0,0
0,,HTTPS,0,94,0,0,0,0,0
0,,HTTPS,0,1292,0,0,0,0,0
0,,HTTPS,0,1292,0,0,0,0,0
0,,HTTPS,0,372,0,0,0,0,0
0,,HTTPS,0,692,0,0,0,0,0
0,,HTTPS,0,87,0,0,0,0,0
0,,HTTPS,0,140,0,0,0,0,0
0,,HTTPS,0,93,0,0,0,0,0
0,,HTTPS,0,1292,0,0,0,0,0
0,,HTTPS,0,377,0,0,0,0,0
0,,HTTPS,0,175,0,0,0,0,0
0,,HTTPS,0,182,0,0,0,0,0
0,,HTTPS,0,95,0,0,0,0,0
0,,HTTPS,0,331,0,0,0,0,0
0,,HTTPS,0,99,0,0,0,0,0
0,,HTTPS,0,83,0,0,0,0,0
0,,HTTPS,0,95,0,0,0,0,0
0,,HTTPS,0,1292,0,0,0,0,0
0,,HTTPS,0,1292,0,0,0,0,0
0,,HTTPS,0,142,0,0,0,0,0
0,,HTTPS,0,1292,0,0,0,0,0
0,,HTTPS,0,89,0,0,0,0,0
0,,HTTPS,0,1292,0,0,0,0,0
0,,HTTPS,0,1292,0,0,0,0,0
0,,HTTPS,0,360,0,0,0,0,0
0,,HTTPS,0,692,0,0,0,0,0
0,,HTTPS,0,87,0,0,0,0,0
0,,HTTPS,0,140,0,0,0,0,0
0,,HTTPS,0,93,0,0,0,0,0
0,,HTTPS,0,1288,0,0,0,0,0
0,,HTTPS,0,1288,0,0,0,0,0
0,,HTTPS,0,500,0,0,0,0,0
0,,HTTPS,0,1292,0,0,0,0,0
0,,HTTPS,0,182,0,0,0,0,0
0,,HTTPS,0,87,0,0,0,0,0
0,,HTTPS,0,95,0,0,0,0,0
0,,HTTPS,0,91,0,0,0,0,0
0,,HTTPS,0,87,0,0,0,0,0
0,,HTTPS,0,95,0,0,0,0,0
0,,HTTPS,0,906,0,0,0,0,0
0,,HTTPS,0,110,0,0,0,0,0
0,,HTTPS,0,100,0,0,0,0,0
0,,HTTPS,0,906,0,0,0,0,0
0,,HTTPS,0,97,0,0,0,0,0
0,,HTTPS,0,86,0,0,0,0,0
0,,Other,0,142,0,0,0,0,0
0,,Other,0,86,0,0,0,0,0
0,,Other,0,86,0,0,0,0,0
0,,HTTPS,0,139,0,0,0,0,0
0,,HTTPS,0,94,0,0,0,0,0
0,2,Other,0,50,12,0,0,0,0
0,2,Other,0,54,16,0,0,0,0
0,,Other,0,42,0,0,0,0,0
0,,Other,0,42,0,0,0,0,0
0,,Other,0,42,0,0,0,0,0
0,,Other,0,42,0,0,0,0,0
0,,Other,0,42,0,0,0,0,0
0,,Other,0,42,0,0,0,0,0
0,17,UDP,0,43,9,0,0,0,0
0,,DNS,0,99,0,0,0,0,0
0,,DNS,0,99,0,0,0,0,0
0,,DNS,0,99,0,0,0,0,0
0,,DNS,0,151,0,0,0,0,0
0,,DNS,0,139,0,0,0,0,0
0,,DNS,0,173,0,0,0,0,0
0,,HTTPS,0,1292,0,0,0,0,0
0,,HTTPS,0,1292,0,0,0,0,0
0,,HTTPS,0,137,0,0,0,0,0
0,,HTTPS,0,1292,0,0,0,0,0
0,,HTTPS,0,1292,0,0,0,0,0
0,,HTTPS,0,366,0,0,0,0,0
0,,HTTPS,0,988,0,0,0,0,0
0,,HTTPS,0,111,0,0,0,0,0
0,,HTTPS,0,86,0,0,0,0,0
0,,HTTPS,0,1292,0,0,0,0,0
0,,HTTPS,0,93,0,0,0,0,0
0,,HTTPS,0,1288,0,0,0,0,0
0,,HTTPS,0,1292,0,0,0,0,0
0,,HTTPS,0,1292,0,0,0,0,0
0,,HTTPS,0,1265,0,0,0,0,0
0,,HTTPS,0,182,0,0,0,0,0
0,,HTTPS,0,91,0,0,0,0,0
0,,HTTPS,0,87,0,0,0,0,0
0,,HTTPS,0,87,0,0,0,0,0
0,,HTTPS,0,93,0,0,0,0,0
0,,HTTPS,0,86,0,0,0,0,0
0,,HTTPS,0,793,0,0,0,0,0
0,,HTTPS,0,163,0,0,0,0,0
0,,HTTPS,0,793,0,0,0,0,0
0,,HTTPS,0,97,0,0,0,0,0
0,,HTTPS,0,95,0,0,0,0,0
0,,HTTPS,0,91,0,0,0,0,0
0,,HTTPS,0,86,0,0,0,0,0
0,,HTTPS,0,86,0,0,0,0,0
0,,Other,0,42,0,0,0,0,0
0,,Other,0,42,0,0,0,0,0
0,,Other,0,42,0,0,0,0,0
0,,Other,0,42,0,0,0,0,0
0,,Other,0,42,0,0,0,0,0
0,,Other,0,42,0,0,0,0,0
0,,Other,0,42,0,0,0,0,0
0,,Other,0,42,0,0,0,0,0
0,,Other,0,42,0,0,0,0,0
0,,Other,0,42,0,0,0,0,0
0,,Other,0,42,0,0,0,0,0
0,,Other,0,42,0,0,0,0,0
0,,HTTPS,A,75,0,0,0,0,0
0,,HTTPS,A,86,0,0,0,0,0
0,6,HTTPS,A,55,21,0,0,0,0
0,6,HTTPS,A,66,32,0,0,0,0
0,,TCP,A,75,0,0,0,0,0
0,,TCP,A,75,0,0,0,0,0
0,2,Other,0,54,16,0,0,0,0
0,,TCP,A,86,0,0,0,0,0
0,,TCP,A,86,0,0,0,0,0
0,,Other,0,42,0,0,0,0,0
0,,Other,0,42,0,0,0,0,0
0,2,Other,0,54,16,0,0,0,0
0,17,UDP,0,119,85,0,0,0,0
0,,HTTPS,0,91,0,0,0,0,0
0,,HTTPS,0,86,0,0,0,0,0
0,,Other,0,42,0,0,0,0,0
0,,Other,0,142,0,0,0,0,0
0,,Other,0,42,0,0,0,0,0
0,,Other,0,42,0,0,0,0,0
0,,HTTPS,0,140,0,0,0,0,0
0,6,HTTPS,PA,78,44,0,0,0,0
0,6,HTTPS,PA,82,48,0,0,0,0
0,6,HTTPS,A,54,20,0,0,0,0
0,,HTTPS,0,140,0,0,0,0,0
0,,HTTPS,0,95,0,0,0,0,0
0,17,UDP,0,217,183,0,0,0,0
0,17,UDP,0,217,183,0,0,0,0
0,,Other,0,42,0,0,0,0,0
0,17,UDP,0,217,183,0,0,0,0
0,,HTTPS,0,140,0,0,0,0,0
0,,HTTPS,0,95,0,0,0,0,0
0,,HTTPS,0,97,0,0,0,0,0
0,,HTTPS,0,94,0,0,0,0,0
0,17,UDP,0,82,48,0,0,0,0
0,,UDP,0,102,0,0,0,0,0
0,17,UDP,0,217,183,0,0,0,0
0,2,Other,0,50,12,0,0,0,0
0,17,UDP,0,82,48,0,0,0,0
0,,UDP,0,102,0,0,0,0,0
0,2,Other,0,54,16,0,0,0,0
0,,Other,0,42,0,0,0,0,0
0,17,UDP,0,82,48,0,0,0,0
0,,UDP,0,102,0,0,0,0,0
0,,DNS,0,94,0,0,0,0,0
0,,DNS,0,94,0,0,0,0,0
0,,DNS,0,94,0,0,0,0,0
0,,DNS,0,122,0,0,0,0,0
0,,DNS,0,110,0,0,0,0,0
0,,DNS,0,119,0,0,0,0,0
0,,HTTPS,0,1292,0,0,0,0,0
0,,HTTPS,0,1292,0,0,0,0,0
0,,HTTPS,0,1292,0,0,0,0,0
0,,HTTPS,0,143,0,0,0,0,0
0,,HTTPS,0,1288,0,0,0,0,0
0,,HTTPS,0,795,0,0,0,0,0
0,,HTTPS,0,1292,0,0,0,0,0
0,,HTTPS,0,1292,0,0,0,0,0
0,,HTTPS,0,1292,0,0,0,0,0
0,,HTTPS,0,1292,0,0,0,0,0
0,,HTTPS,0,1292,0,0,0,0,0
0,,HTTPS,0,373,0,0,0,0,0
0,,HTTPS,0,981,0,0,0,0,0
0,,HTTPS,0,108,0,0,0,0,0
0,,HTTPS,0,86,0,0,0,0,0
0,,HTTPS,0,1292,0,0,0,0,0
0,,HTTPS,0,102,0,0,0,0,0
0,,HTTPS,0,135,0,0,0,0,0
0,,HTTPS,0,93,0,0,0,0,0
0,,HTTPS,0,186,0,0,0,0,0
0,,HTTPS,0,93,0,0,0,0,0
0,,HTTPS,0,157,0,0,0,0,0
0,2,Other,0,54,16,0,0,0,0
0,,HTTPS,0,91,0,0,0,0,0
0,,HTTPS,0,1288,0,0,0,0,0
0,,HTTPS,0,922,0,0,0,0,0
0,,HTTPS,0,332,0,0,0,0,0
0,,HTTPS,0,97,0,0,0,0,0
0,,HTTPS,0,93,0,0,0,0,0
0,,HTTPS,0,86,0,0,0,0,0
0,,HTTPS,0,174,0,0,0,0,0
0,,HTTPS,0,472,0,0,0,0,0
0,,HTTPS,0,285,0,0,0,0,0
0,,HTTPS,0,97,0,0,0,0,0
0,,HTTPS,0,89,0,0,0,0,0
0,,HTTPS,0,93,0,0,0,0,0
0,,HTTPS,0,226,0,0,0,0,0
0,,HTTPS,0,90,0,0,0,0,0
0,,HTTPS,0,94,0,0,0,0,0
0,,HTTPS,0,1288,0,0,0,0,0
0,,HTTPS,0,1292,0,0,0,0,0
0,,HTTPS,0,650,0,0,0,0,0
0,,HTTPS,0,219,0,0,0,0,0
0,,HTTPS,0,97,0,0,0,0,0
0,,HTTPS,0,93,0,0,0,0,0
0,,HTTPS,0,1287,0,0,0,0,0
0,,HTTPS,0,1292,0,0,0,0,0
0,,HTTPS,0,1292,0,0,0,0,0
0,,HTTPS,0,1292,0,0,0,0,0
0,,HTTPS,0,93,0,0,0,0,0
0,,HTTPS,0,1292,0,0,0,0,0
0,,HTTPS,0,1292,0,0,0,0,0
0,,HTTPS,0,1292,0,0,0,0,0
0,,HTTPS,0,1292,0,0,0,0,0
0,,HTTPS,0,1292,0,0,0,0,0
0,,HTTPS,0,93,0,0,0,0,0
0,,HTTPS,0,1292,0,0,0,0,0
0,,HTTPS,0,93,0,0,0,0,0
0,,HTTPS,0,93,0,0,0,0,0
0,,HTTPS,0,93,0,0,0,0,0
0,,HTTPS,0,1292,0,0,0,0,0
0,,HTTPS,0,1292,0,0,0,0,0
0,,HTTPS,0,1292,0,0,0,0,0
0,,HTTPS,0,778,0,0,0,0,0
0,,HTTPS,0,93,0,0,0,0,0
0,,HTTPS,0,93,0,0,0,0,0
0,,HTTPS,0,1285,0,0,0,0,0
0,,HTTPS,0,1292,0,0,0,0,0
0,,HTTPS,0,93,0,0,0,0,0
0,,HTTPS,0,1292,0,0,0,0,0
0,,HTTPS,0,1292,0,0,0,0,0
0,,HTTPS,0,93,0,0,0,0,0
0,,HTTPS,0,1292,0,0,0,0,0
0,,HTTPS,0,1292,0,0,0,0,0
0,,HTTPS,0,1292,0,0,0,0,0
0,,HTTPS,0,1292,0,0,0,0,0
0,,HTTPS,0,93,0,0,0,0,0
0,,HTTPS,0,93,0,0,0,0,0
0,,HTTPS,0,1292,0,0,0,0,0
0,,HTTPS,0,1292,0,0,0,0,0
0,,HTTPS,0,93,0,0,0,0,0
0,,HTTPS,0,1292,0,0,0,0,0
0,,HTTPS,0,93,0,0,0,0,0
0,,HTTPS,0,1292,0,0,0,0,0
0,,HTTPS,0,1292,0,0,0,0,0
0,,HTTPS,0,1292,0,0,0,0,0
0,,HTTPS,0,93,0,0,0,0,0
0,,HTTPS,0,1290,0,0,0,0,0
0,,HTTPS,0,93,0,0,0,0,0
0,,HTTPS,0,319,0,0,0,0,0
0,,HTTPS,0,199,0,0,0,0,0
0,,HTTPS,0,97,0,0,0,0,0
0,,HTTPS,0,94,0,0,0,0,0
0,,HTTPS,0,86,0,0,0,0,0
0,,HTTPS,0,85,0,0,0,0,0
0,,HTTPS,0,95,0,0,0,0,0
0,,DNS,0,105,0,0,0,0,0
0,,DNS,0,105,0,0,0,0,0
0,,DNS,0,105,0,0,0,0,0
0,,DNS,0,150,0,0,0,0,0
0,,DNS,0,191,0,0,0,0,0
0,,DNS,0,162,0,0,0,0,0
0,,HTTPS,0,1292,0,0,0,0,0
0,,HTTPS,0,1292,0,0,0,0,0
0,,HTTPS,0,140,0,0,0,0,0
0,,HTTPS,0,591,0,0,0,0,0
0,,HTTPS,0,1292,0,0,0,0,0
0,,DNS,0,95,0,0,0,0,0
0,,DNS,0,95,0,0,0,0,0
0,,DNS,0,95,0,0,0,0,0
0,,DNS,0,123,0,0,0,0,0
0,,DNS,0,152,0,0,0,0,0
0,,DNS,0,111,0,0,0,0,0
0,,HTTPS,0,1292,0,0,0,0,0
0,,HTTPS,0,1292,0,0,0,0,0
0,,HTTPS,0,1292,0,0,0,0,0
0,,HTTPS,0,1292,0,0,0,0,0
0,,HTTPS,0,142,0,0,0,0,0
0,,HTTPS,0,666,0,0,0,0,0
0,,HTTPS,0,369,0,0,0,0,0
0,,HTTPS,0,1292,0,0,0,0,0
0,,HTTPS,0,1292,0,0,0,0,0
0,,HTTPS,0,1292,0,0,0,0,0
0,,HTTPS,0,1292,0,0,0,0,0
0,,HTTPS,0,371,0,0,0,0,0
0,,HTTPS,0,983,0,0,0,0,0
0,,HTTPS,0,128,0,0,0,0,0
0,,HTTPS,0,86,0,0,0,0,0
0,,HTTPS,0,84,0,0,0,0,0
0,,HTTPS,0,140,0,0,0,0,0
0,,HTTPS,0,93,0,0,0,0,0
0,,HTTPS,0,93,0,0,0,0,0
0,,HTTPS,0,1292,0,0,0,0,0
0,,HTTPS,0,182,0,0,0,0,0
0,,HTTPS,0,1292,0,0,0,0,0
0,,HTTPS,0,1292,0,0,0,0,0
0,,HTTPS,0,361,0,0,0,0,0
0,,HTTPS,0,993,0,0,0,0,0
0,,HTTPS,0,98,0,0,0,0,0
0,,HTTPS,0,86,0,0,0,0,0
0,,HTTPS,0,140,0,0,0,0,0
0,,HTTPS,0,93,0,0,0,0,0
0,,HTTPS,0,94,0,0,0,0,0
0,,HTTPS,0,1288,0,0,0,0,0
0,,HTTPS,0,1292,0,0,0,0,0
0,,HTTPS,0,1292,0,0,0,0,0
0,,HTTPS,0,1292,0,0,0,0,0
0,,HTTPS,0,1292,0,0,0,0,0
0,,HTTPS,0,1292,0,0,0,0,0
0,,HTTPS,0,1292,0,0,0,0,0
0,,HTTPS,0,1292,0,0,0,0,0
0,,HTTPS,0,1292,0,0,0,0,0
0,,HTTPS,0,1292,0,0,0,0,0
0,,HTTPS,0,1292,0,0,0,0,0
0,,HTTPS,0,134,0,0,0,0,0
0,,HTTPS,0,1292,0,0,0,0,0
0,,HTTPS,0,1292,0,0,0,0,0
0,,HTTPS,0,1292,0,0,0,0,0
0,,HTTPS,0,1292,0,0,0,0,0
0,,HTTPS,0,1292,0,0,0,0,0
0,,HTTPS,0,1292,0,0,0,0,0
0,,HTTPS,0,97,0,0,0,0,0
0,,HTTPS,0,97,0,0,0,0,0
0,,HTTPS,0,93,0,0,0,0,0
0,,HTTPS,0,93,0,0,0,0,0
0,,HTTPS,0,93,0,0,0,0,0
0,,HTTPS,0,93,0,0,0,0,0
0,,HTTPS,0,93,0,0,0,0,0
0,,HTTPS,0,93,0,0,0,0,0
0,,HTTPS,0,93,0,0,0,0,0
0,,HTTPS,0,182,0,0,0,0,0
0,,HTTPS,0,95,0,0,0,0,0
0,,HTTPS,0,182,0,0,0,0,0
0,,HTTPS,0,93,0,0,0,0,0
0,,HTTPS,0,1292,0,0,0,0,0
0,,HTTPS,0,1292,0,0,0,0,0
0,,HTTPS,0,93,0,0,0,0,0
0,,HTTPS,0,1292,0,0,0,0,0
0,,HTTPS,0,1292,0,0,0,0,0
0,,HTTPS,0,1292,0,0,0,0,0
0,,HTTPS,0,1292,0,0,0,0,0
0,,HTTPS,0,1292,0,0,0,0,0
0,,HTTPS,0,1292,0,0,0,0,0
0,,HTTPS,0,1292,0,0,0,0,0
0,,HTTPS,0,1292,0,0,0,0,0
0,,HTTPS,0,1292,0,0,0,0,0
0,,HTTPS,0,760,0,0,0,0,0
0,,HTTPS,0,1285,0,0,0,0,0
0,,HTTPS,0,1292,0,0,0,0,0
0,,HTTPS,0,1292,0,0,0,0,0
0,,HTTPS,0,1292,0,0,0,0,0
0,,HTTPS,0,1292,0,0,0,0,0
0,,HTTPS,0,1292,0,0,0,0,0
0,,HTTPS,0,93,0,0,0,0,0
0,,HTTPS,0,1292,0,0,0,0,0
0,,HTTPS,0,1292,0,0,0,0,0
0,,HTTPS,0,1292,0,0,0,0,0
0,,HTTPS,0,1292,0,0,0,0,0
0,,HTTPS,0,1292,0,0,0,0,0
0,,HTTPS,0,1292,0,0,0,0,0
0,,HTTPS,0,1292,0,0,0,0,0
0,,HTTPS,0,1292,0,0,0,0,0
0,,HTTPS,0,1292,0,0,0,0,0
0,,HTTPS,0,1292,0,0,0,0,0
0,,HTTPS,0,1292,0,0,0,0,0
0,,HTTPS,0,1292,0,0,0,0,0
0,,HTTPS,0,1292,0,0,0,0,0
0,,HTTPS,0,1292,0,0,0,0,0
0,,HTTPS,0,1292,0,0,0,0,0
0,,HTTPS,0,1292,0,0,0,0,0
0,,HTTPS,0,93,0,0,0,0,0
0,,HTTPS,0,1292,0,0,0,0,0
0,,HTTPS,0,657,0,0,0,0,0
0,,HTTPS,0,93,0,0,0,0,0
0,,HTTPS,0,93,0,0,0,0,0
0,,HTTPS,0,93,0,0,0,0,0
0,,HTTPS,0,93,0,0,0,0,0
0,,HTTPS,0,93,0,0,0,0,0
0,,HTTPS,0,93,0,0,0,0,0
0,,HTTPS,0,93,0,0,0,0,0
0,,HTTPS,0,93,0,0,0,0,0
0,,HTTPS,0,98,0,0,0,0,0
0,,HTTPS,0,93,0,0,0,0,0
0,,HTTPS,0,93,0,0,0,0,0
0,,HTTPS,0,93,0,0,0,0,0
0,,HTTPS,0,93,0,0,0,0,0
0,,HTTPS,0,93,0,0,0,0,0
0,,HTTPS,0,94,0,0,0,0,0
0,,Other,0,42,0,0,0,0,0
0,,HTTPS,0,86,0,0,0,0,0
0,,HTTPS,0,350,0,0,0,0,0
0,,HTTPS,0,238,0,0,0,0,0
0,,HTTPS,0,83,0,0,0,0,0
0,,HTTPS,0,99,0,0,0,0,0
0,,HTTPS,0,95,0,0,0,0,0
0,,HTTPS,0,91,0,0,0,0,0
0,,HTTPS,0,88,0,0,0,0,0
0,,HTTPS,0,94,0,0,0,0,0
0,,HTTPS,0,1288,0,0,0,0,0
0,,HTTPS,0,442,0,0,0,0,0
0,,HTTPS,0,311,0,0,0,0,0
0,,HTTPS,0,97,0,0,0,0,0
0,,HTTPS,0,93,0,0,0,0,0
0,,HTTPS,0,274,0,0,0,0,0
0,,HTTPS,0,90,0,0,0,0,0
0,,HTTPS,0,94,0,0,0,0,0
0,,HTTPS,0,85,0,0,0,0,0
0,,HTTPS,0,96,0,0,0,0,0
0,,HTTPS,0,1288,0,0,0,0,0
0,,HTTPS,0,445,0,0,0,0,0
0,,HTTPS,0,88,0,0,0,0,0
0,,HTTPS,0,100,0,0,0,0,0
0,,HTTPS,0,142,0,0,0,0,0
0,,HTTPS,0,96,0,0,0,0,0
0,,HTTPS,0,96,0,0,0,0,0
0,,HTTPS,0,97,0,0,0,0,0
0,,HTTPS,0,87,0,0,0,0,0
0,,HTTPS,0,275,0,0,0,0,0
0,,HTTPS,0,91,0,0,0,0,0
0,,Other,0,86,0,0,0,0,0
0,,Other,0,86,0,0,0,0,0
0,,HTTPS,0,95,0,0,0,0,0
0,,HTTPS,0,1288,0,0,0,0,0
0,,HTTPS,0,432,0,0,0,0,0
0,,HTTPS,0,338,0,0,0,0,0
0,,HTTPS,0,98,0,0,0,0,0
0,,HTTPS,0,94,0,0,0,0,0
0,,HTTPS,0,87,0,0,0,0,0
0,,HTTPS,0,276,0,0,0,0,0
0,,HTTPS,0,91,0,0,0,0,0
0,,DNS,0,95,0,0,0,0,0
0,,DNS,0,95,0,0,0,0,0
0,,DNS,0,95,0,0,0,0,0
0,,HTTPS,0,95,0,0,0,0,0
0,,DNS,0,123,0,0,0,0,0
0,,DNS,0,111,0,0,0,0,0
0,,Other,0,42,0,0,0,0,0
0,,Other,0,42,0,0,0,0,0
0,,HTTPS,0,1292,0,0,0,0,0
0,,HTTPS,0,1292,0,0,0,0,0
0,,HTTPS,0,141,0,0,0,0,0
0,,HTTPS,0,425,0,0,0,0,0
0,,DNS,0,145,0,0,0,0,0
0,,HTTPS,0,85,0,0,0,0,0
0,,HTTPS,0,96,0,0,0,0,0
0,,DNS,0,110,0,0,0,0,0
0,,DNS,0,110,0,0,0,0,0
0,,HTTPS,0,1292,0,0,0,0,0
0,,HTTPS,0,1292,0,0,0,0,0
0,,HTTPS,0,1292,0,0,0,0,0
0,,DNS,0,185,0,0,0,0,0
0,,DNS,0,248,0,0,0,0,0
0,6,HTTPS,S,66,32,0,0,0,0
0,,DNS,0,125,0,0,0,0,0
0,,DNS,0,141,0,0,0,0,0
0,,DNS,0,125,0,0,0,0,0
0,,DNS,0,125,0,0,0,0,0
0,,HTTPS,0,1288,0,0,0,0,0
0,,HTTPS,0,201,0,0,0,0,0
0,,HTTPS,0,194,0,0,0,0,0
0,,HTTPS,0,100,0,0,0,0,0
0,,HTTPS,0,96,0,0,0,0,0
0,,HTTPS,0,96,0,0,0,0,0
0,6,HTTPS,SA,66,32,0,0,0,0
0,6,HTTPS,A,54,20,0,0,0,0
0,6,HTTPS,PA,732,698,0,0,0,0
0,,HTTPS,0,99,0,0,0,0,0
0,6,HTTPS,A,54,20,0,0,0,0
0,6,HTTPS,A,1466,1432,0,0,0,0
0,6,HTTPS,PA,1466,1432,0,0,0,0
0,6,HTTPS,A,54,20,0,0,0,0
0,6,HTTPS,PA,742,708,0,0,0,0
0,,HTTPS,0,87,0,0,0,0,0
0,,DNS,0,97,0,0,0,0,0
0,,DNS,0,97,0,0,0,0,0
0,,DNS,0,202,0,0,0,0,0
0,,HTTPS,0,1292,0,0,0,0,0
0,,HTTPS,0,1292,0,0,0,0,0
0,,HTTPS,0,1292,0,0,0,0,0
0,,HTTPS,0,786,0,0,0,0,0
0,,HTTPS,0,103,0,0,0,0,0
0,,DNS,0,239,0,0,0,0,0
0,,HTTPS,0,101,0,0,0,0,0
0,,HTTPS,0,554,0,0,0,0,0
0,6,HTTP,S,66,32,0,0,0,0
0,,DNS,0,101,0,0,0,0,0
0,,DNS,0,117,0,0,0,0,0
0,6,HTTPS,S,66,32,0,0,0,0
0,,DNS,0,101,0,0,0,0,0
0,,DNS,0,101,0,0,0,0,0
0,6,HTTP,SA,66,32,0,0,0,0
0,6,HTTP,A,54,20,0,0,0,0
0,6,HTTPS,SA,66,32,0,0,0,0
0,6,HTTP,PA,503,469,0,0,0,0
0,6,HTTPS,A,54,20,0,0,0,0
0,6,HTTPS,PA,251,217,0,0,0,0
0,,HTTPS,0,692,0,0,0,0,0
0,,HTTPS,0,183,0,0,0,0,0
0,6,HTTP,A,54,20,0,0,0,0
0,6,HTTPS,A,54,20,0,0,0,0
0,6,HTTPS,A,54,20,0,0,0,0
0,6,HTTP,PA,791,757,0,0,0,0
0,6,HTTPS,A,1466,1432,0,0,0,0
0,6,HTTPS,PA,1466,1432,0,0,0,0
0,6,HTTPS,PA,654,620,0,0,0,0
0,6,HTTPS,A,54,20,0,0,0,0
0,,HTTPS,0,95,0,0,0,0,0
0,,HTTPS,0,95,0,0,0,0,0
0,6,HTTPS,PA,118,84,0,0,0,0
0,6,HTTPS,PA,224,190,0,0,0,0
0,6,HTTPS,PA,502,468,0,0,0,0
0,6,HTTPS,PA,464,430,0,0,0,0
0,,HTTPS,0,90,0,0,0,0,0
0,,HTTPS,0,95,0,0,0,0,0
0,6,HTTPS,PA,640,606,0,0,0,0
0,6,HTTPS,PA,85,51,0,0,0,0
0,6,HTTPS,A,54,20,0,0,0,0
0,6,HTTPS,PA,85,51,0,0,0,0
0,6,HTTPS,PA,147,113,0,0,0,0
0,6,HTTP,A,54,20,0,0,0,0
0,6,HTTPS,PA,349,315,0,0,0,0
0,6,HTTPS,A,54,20,0,0,0,0
0,6,HTTPS,PA,586,552,0,0,0,0
0,6,HTTPS,A,54,20,0,0,0,0
0,6,HTTPS,A,54,20,0,0,0,0
0,6,HTTPS,A,54,20,0,0,0,0
0,,HTTPS,0,325,0,0,0,0,0
0,,HTTPS,0,99,0,0,0,0,0
0,,HTTPS,0,1292,0,0,0,0,0
0,,HTTPS,0,1292,0,0,0,0,0
0,,HTTPS,0,83,0,0,0,0,0
0,,HTTPS,0,144,0,0,0,0,0
0,,HTTPS,0,1292,0,0,0,0,0
0,,HTTPS,0,1292,0,0,0,0,0
0,,HTTPS,0,96,0,0,0,0,0
0,,HTTPS,0,1292,0,0,0,0,0
0,,HTTPS,0,86,0,0,0,0,0
0,,HTTPS,0,99,0,0,0,0,0
0,,HTTPS,0,1292,0,0,0,0,0
0,,HTTPS,0,1292,0,0,0,0,0
0,,HTTPS,0,1292,0,0,0,0,0
0,,HTTPS,0,784,0,0,0,0,0
0,,HTTPS,0,103,0,0,0,0,0
0,,HTTPS,0,101,0,0,0,0,0
0,,HTTPS,0,231,0,0,0,0,0
0,,HTTPS,0,1288,0,0,0,0,0
0,,HTTPS,0,1288,0,0,0,0,0
0,,HTTPS,0,647,0,0,0,0,0
0,,HTTPS,0,692,0,0,0,0,0
0,,HTTPS,0,183,0,0,0,0,0
0,,HTTPS,0,96,0,0,0,0,0
0,,HTTPS,0,89,0,0,0,0,0
0,,HTTPS,0,95,0,0,0,0,0
0,,HTTPS,0,95,0,0,0,0,0
0,,HTTPS,0,86,0,0,0,0,0
0,6,HTTPS,PA,503,469,0,0,0,0
0,6,HTTPS,PA,245,211,0,0,0,0
0,6,HTTPS,A,54,20,0,0,0,0
0,6,HTTPS,PA,93,59,0,0,0,0
0,6,HTTPS,PA,93,59,0,0,0,0
0,6,HTTPS,PA,726,692,0,0,0,0
0,6,HTTPS,A,54,20,0,0,0,0
0,6,HTTPS,RA,54,20,0,0,0,0
0,6,HTTPS,A,54,20,0,0,0,0
0,,HTTPS,0,910,0,0,0,0,0
0,,HTTPS,0,97,0,0,0,0,0
0,,HTTPS,0,245,0,0,0,0,0
0,,HTTPS,0,94,0,0,0,0,0
0,,HTTPS,0,86,0,0,0,0,0
0,,Other,0,142,0,0,0,0,0
0,,DNS,0,111,0,0,0,0,0
0,,DNS,0,111,0,0,0,0,0
0,,DNS,0,300,0,0,0,0,0
0,,DNS,0,242,0,0,0,0,0
0,6,HTTPS,S,66,32,0,0,0,0
0,,Other,0,42,0,0,0,0,0
0,,Other,0,42,0,0,0,0,0
0,6,HTTPS,SA,66,32,0,0,0,0
0,6,HTTPS,A,54,20,0,0,0,0
0,6,HTTPS,PA,270,236,0,0,0,0
0,6,HTTPS,A,1514,1480,0,0,0,0
0,6,HTTPS,A,1514,1480,0,0,0,0
0,6,HTTPS,PA,892,858,0,0,0,0
0,6,HTTPS,A,54,20,0,0,0,0
0,6,HTTPS,PA,212,178,0,0,0,0
0,,HTTPS,0,367,0,0,0,0,0
0,,HTTPS,0,92,0,0,0,0,0
0,,HTTPS,0,97,0,0,0,0,0
0,,HTTPS,0,91,0,0,0,0,0
0,,HTTPS,0,92,0,0,0,0,0
0,,HTTPS,0,94,0,0,0,0,0
0,6,HTTPS,PA,105,71,0,0,0,0
0,6,HTTPS,PA,123,89,0,0,0,0
0,6,HTTPS,A,54,20,0,0,0,0
0,6,HTTPS,PA,141,107,0,0,0,0
0,6,HTTPS,PA,92,58,0,0,0,0
0,6,HTTPS,A,1494,1460,0,0,0,0
0,6,HTTPS,PA,1017,983,0,0,0,0
0,,Other,0,42,0,0,0,0,0
0,6,HTTPS,A,54,20,0,0,0,0
0,6,HTTPS,PA,92,58,0,0,0,0
0,6,HTTPS,A,54,20,0,0,0,0
0,6,HTTPS,PA,894,860,0,0,0,0
0,6,HTTPS,FA,54,20,0,0,0,0
0,,DNS,0,95,0,0,0,0,0
0,,DNS,0,95,0,0,0,0,0
0,,DNS,0,95,0,0,0,0,0
0,,DNS,0,123,0,0,0,0,0
0,,DNS,0,111,0,0,0,0,0
0,,DNS,0,145,0,0,0,0,0
0,,HTTPS,0,1292,0,0,0,0,0
0,,HTTPS,0,1292,0,0,0,0,0
0,,HTTPS,0,139,0,0,0,0,0
0,,HTTPS,0,1292,0,0,0,0,0
0,,HTTPS,0,274,0,0,0,0,0
0,,HTTPS,0,1292,0,0,0,0,0
0,,HTTPS,0,1292,0,0,0,0,0
0,,HTTPS,0,1292,0,0,0,0,0
0,,HTTPS,0,1292,0,0,0,0,0
0,6,HTTPS,PA,96,62,0,0,0,0
0,6,HTTPS,FA,54,20,0,0,0,0
0,6,HTTPS,RA,54,20,0,0,0,0
0,,HTTPS,0,92,0,0,0,0,0
0,,HTTPS,0,95,0,0,0,0,0
0,,HTTPS,0,1292,0,0,0,0,0
0,,HTTPS,0,1292,0,0,0,0,0
0,,HTTPS,0,1292,0,0,0,0,0
0,,HTTPS,0,786,0,0,0,0,0
0,,HTTPS,0,101,0,0,0,0,0
0,,HTTPS,0,226,0,0,0,0,0
0,,HTTPS,0,1288,0,0,0,0,0
0,,HTTPS,0,1288,0,0,0,0,0
0,,HTTPS,0,635,0,0,0,0,0
0,,HTTPS,0,1288,0,0,0,0,0
0,,HTTPS,0,793,0,0,0,0,0
0,,HTTPS,0,88,0,0,0,0,0
0,,HTTPS,0,336,0,0,0,0,0
0,,HTTPS,0,98,0,0,0,0,0
0,,HTTPS,0,94,0,0,0,0,0
0,,HTTPS,0,89,0,0,0,0,0
0,,HTTPS,0,693,0,0,0,0,0
0,,HTTPS,0,183,0,0,0,0,0
0,,HTTPS,0,85,0,0,0,0,0
0,,HTTPS,0,96,0,0,0,0,0
0,,HTTPS,0,95,0,0,0,0,0
0,,HTTPS,0,95,0,0,0,0,0
0,,HTTPS,0,93,0,0,0,0,0
0,,DNS,0,106,0,0,0,0,0
0,,DNS,0,106,0,0,0,0,0
0,,DNS,0,106,0,0,0,0,0
0,,DNS,0,134,0,0,0,0,0
0,,DNS,0,122,0,0,0,0,0
0,,DNS,0,163,0,0,0,0,0
0,,HTTPS,0,1292,0,0,0,0,0
0,,HTTPS,0,1292,0,0,0,0,0
0,,HTTPS,0,1292,0,0,0,0,0
0,,HTTPS,0,143,0,0,0,0,0
0,,HTTPS,0,406,0,0,0,0,0
0,,HTTPS,0,202,0,0,0,0,0
0,,HTTPS,0,204,0,0,0,0,0
0,,HTTPS,0,95,0,0,0,0,0
0,,HTTPS,0,88,0,0,0,0,0
0,,HTTPS,0,85,0,0,0,0,0
0,,HTTPS,0,96,0,0,0,0,0
0,,HTTPS,0,1292,0,0,0,0,0
0,,HTTPS,0,1292,0,0,0,0,0
0,,HTTPS,0,1292,0,0,0,0,0
0,,HTTPS,0,1292,0,0,0,0,0
0,,HTTPS,0,99,0,0,0,0,0
0,,Other,0,86,0,0,0,0,0
0,,HTTPS,0,99,0,0,0,0,0
0,,HTTPS,0,1292,0,0,0,0,0
0,,HTTPS,0,1292,0,0,0,0,0
0,,HTTPS,0,910,0,0,0,0,0
0,,HTTPS,0,320,0,0,0,0,0
0,,HTTPS,0,910,0,0,0,0,0
0,,HTTPS,0,101,0,0,0,0,0
0,,HTTPS,0,97,0,0,0,0,0
0,,HTTPS,0,1282,0,0,0,0,0
0,,HTTPS,0,169,0,0,0,0,0
0,,HTTPS,0,1292,0,0,0,0,0
0,,HTTPS,0,95,0,0,0,0,0
0,,Other,0,78,0,0,0,0,0
0,,HTTPS,0,727,0,0,0,0,0
0,,HTTPS,0,735,0,0,0,0,0
0,,DNS,0,94,0,0,0,0,0
0,,DNS,0,94,0,0,0,0,0
0,,DNS,0,94,0,0,0,0,0
0,,DNS,0,165,0,0,0,0,0
0,,DNS,0,131,0,0,0,0,0
0,,HTTPS,0,498,0,0,0,0,0
0,,DNS,0,143,0,0,0,0,0
0,,HTTPS,0,1292,0,0,0,0,0
0,,HTTPS,0,1292,0,0,0,0,0
0,,HTTPS,0,1292,0,0,0,0,0
0,,HTTPS,0,1292,0,0,0,0,0
0,,HTTPS,0,174,0,0,0,0,0
0,,HTTPS,0,730,0,0,0,0,0
0,,HTTPS,0,737,0,0,0,0,0
0,,HTTPS,0,1028,0,0,0,0,0
0,,HTTPS,0,96,0,0,0,0,0
0,,HTTPS,0,199,0,0,0,0,0
0,,HTTPS,0,94,0,0,0,0,0
0,,HTTPS,0,95,0,0,0,0,0
0,,HTTPS,0,95,0,0,0,0,0
0,,HTTPS,0,1288,0,0,0,0,0
0,,HTTPS,0,99,0,0,0,0,0
0,,HTTPS,0,1288,0,0,0,0,0
0,,HTTPS,0,1174,0,0,0,0,0
0,,HTTPS,0,99,0,0,0,0,0
0,,HTTPS,0,99,0,0,0,0,0
0,,HTTPS,0,142,0,0,0,0,0
0,,HTTPS,0,1288,0,0,0,0,0
0,,HTTPS,0,1035,0,0,0,0,0
0,,HTTPS,0,1292,0,0,0,0,0
0,,HTTPS,0,1292,0,0,0,0,0
0,,HTTPS,0,1292,0,0,0,0,0
0,,HTTPS,0,86,0,0,0,0,0
0,,HTTPS,0,1292,0,0,0,0,0
0,,HTTPS,0,89,0,0,0,0,0
0,,HTTPS,0,91,0,0,0,0,0
0,,HTTPS,0,99,0,0,0,0,0
0,,HTTPS,0,92,0,0,0,0,0
0,,HTTPS,0,89,0,0,0,0,0
0,,HTTPS,0,95,0,0,0,0,0
0,,HTTPS,0,90,0,0,0,0,0
0,,HTTPS,0,1292,0,0,0,0,0
0,,HTTPS,0,1292,0,0,0,0,0
0,,HTTPS,0,1292,0,0,0,0,0
0,,HTTPS,0,928,0,0,0,0,0
0,,HTTPS,0,103,0,0,0,0,0
0,,HTTPS,0,99,0,0,0,0,0
0,,HTTPS,0,101,0,0,0,0,0
0,,HTTPS,0,1292,0,0,0,0,0
0,,HTTPS,0,1153,0,0,0,0,0
0,,HTTPS,0,1280,0,0,0,0,0
0,,HTTPS,0,1236,0,0,0,0,0
0,,HTTPS,0,1004,0,0,0,0,0
0,,HTTPS,0,183,0,0,0,0,0
0,,HTTPS,0,1288,0,0,0,0,0
0,,HTTPS,0,199,0,0,0,0,0
0,,HTTPS,0,334,0,0,0,0,0
0,,HTTPS,0,1288,0,0,0,0,0
0,,HTTPS,0,89,0,0,0,0,0
0,,HTTPS,0,1292,0,0,0,0,0
0,,HTTPS,0,98,0,0,0,0,0
0,,HTTPS,0,94,0,0,0,0,0
0,,HTTPS,0,96,0,0,0,0,0
0,,HTTPS,0,96,0,0,0,0,0
0,,HTTPS,0,95,0,0,0,0,0
0,,HTTPS,0,95,0,0,0,0,0
0,,HTTPS,0,97,0,0,0,0,0
0,,HTTPS,0,87,0,0,0,0,0
0,,HTTPS,0,89,0,0,0,0,0
0,,HTTPS,0,88,0,0,0,0,0
0,,HTTPS,0,1288,0,0,0,0,0
0,,HTTPS,0,1288,0,0,0,0,0
0,,HTTPS,0,1292,0,0,0,0,0
0,,HTTPS,0,1292,0,0,0,0,0
0,,HTTPS,0,1292,0,0,0,0,0
0,,HTTPS,0,1292,0,0,0,0,0
0,,HTTPS,0,1292,0,0,0,0,0
0,,HTTPS,0,1171,0,0,0,0,0
0,,HTTPS,0,97,0,0,0,0,0
0,,HTTPS,0,101,0,0,0,0,0
0,,HTTPS,0,97,0,0,0,0,0
0,,HTTPS,0,97,0,0,0,0,0
0,,HTTPS,0,97,0,0,0,0,0
0,,HTTPS,0,1287,0,0,0,0,0
0,,HTTPS,0,1292,0,0,0,0,0
0,,HTTPS,0,654,0,0,0,0,0
0,,HTTPS,0,97,0,0,0,0,0
0,,HTTPS,0,1287,0,0,0,0,0
0,,HTTPS,0,1292,0,0,0,0,0
0,,HTTPS,0,97,0,0,0,0,0
0,,HTTPS,0,1292,0,0,0,0,0
0,,HTTPS,0,1292,0,0,0,0,0
0,,HTTPS,0,97,0,0,0,0,0
0,,HTTPS,0,626,0,0,0,0,0
0,,HTTPS,0,97,0,0,0,0,0
0,,DNS,0,95,0,0,0,0,0
0,,DNS,0,95,0,0,0,0,0
0,,DNS,0,95,0,0,0,0,0
0,,DNS,0,123,0,0,0,0,0
0,,DNS,0,111,0,0,0,0,0
0,,DNS,0,152,0,0,0,0,0
0,,HTTPS,0,1292,0,0,0,0,0
0,,HTTPS,0,1292,0,0,0,0,0
0,,HTTPS,0,1292,0,0,0,0,0
0,,HTTPS,0,144,0,0,0,0,0
0,,HTTPS,0,307,0,0,0,0,0
0,2,Other,0,54,16,0,0,0,0
0,,HTTPS,0,1288,0,0,0,0,0
0,,HTTPS,0,1292,0,0,0,0,0
0,,HTTPS,0,1292,0,0,0,0,0
0,,HTTPS,0,1292,0,0,0,0,0
0,,HTTPS,0,1292,0,0,0,0,0
0,,HTTPS,0,1292,0,0,0,0,0
0,,HTTPS,0,1292,0,0,0,0,0
0,,HTTPS,0,1292,0,0,0,0,0
0,,HTTPS,0,1292,0,0,0,0,0
0,,HTTPS,0,1292,0,0,0,0,0
0,,HTTPS,0,1292,0,0,0,0,0
0,,HTTPS,0,1292,0,0,0,0,0
0,,HTTPS,0,1292,0,0,0,0,0
0,,HTTPS,0,1292,0,0,0,0,0
0,,HTTPS,0,98,0,0,0,0,0
0,,HTTPS,0,94,0,0,0,0,0
0,,HTTPS,0,94,0,0,0,0,0
0,,HTTPS,0,94,0,0,0,0,0
0,,HTTPS,0,94,0,0,0,0,0
0,,HTTPS,0,94,0,0,0,0,0
0,,HTTPS,0,94,0,0,0,0,0
0,,HTTPS,0,1292,0,0,0,0,0
0,,HTTPS,0,1292,0,0,0,0,0
0,,HTTPS,0,94,0,0,0,0,0
0,,HTTPS,0,1292,0,0,0,0,0
0,,HTTPS,0,1292,0,0,0,0,0
0,,HTTPS,0,94,0,0,0,0,0
0,,HTTPS,0,1292,0,0,0,0,0
0,,HTTPS,0,1292,0,0,0,0,0
0,,HTTPS,0,1292,0,0,0,0,0
0,,HTTPS,0,1292,0,0,0,0,0
0,,HTTPS,0,1292,0,0,0,0,0
0,,HTTPS,0,1292,0,0,0,0,0
0,,HTTPS,0,1292,0,0,0,0,0
0,,HTTPS,0,1292,0,0,0,0,0
0,,HTTPS,0,94,0,0,0,0,0
0,,HTTPS,0,94,0,0,0,0,0
0,,HTTPS,0,94,0,0,0,0,0
0,,HTTPS,0,1292,0,0,0,0,0
0,,HTTPS,0,1292,0,0,0,0,0
0,,HTTPS,0,1292,0,0,0,0,0
0,,HTTPS,0,1292,0,0,0,0,0
0,,HTTPS,0,1292,0,0,0,0,0
0,,HTTPS,0,1292,0,0,0,0,0
0,,HTTPS,0,94,0,0,0,0,0
0,,HTTPS,0,94,0,0,0,0,0
0,,HTTPS,0,94,0,0,0,0,0
0,,HTTPS,0,217,0,0,0,0,0
0,,HTTPS,0,1292,0,0,0,0,0
0,,HTTPS,0,1292,0,0,0,0,0
0,,HTTPS,0,1292,0,0,0,0,0
0,,HTTPS,0,1292,0,0,0,0,0
0,,HTTPS,0,1292,0,0,0,0,0
0,,HTTPS,0,1292,0,0,0,0,0
0,,HTTPS,0,1292,0,0,0,0,0
0,,HTTPS,0,94,0,0,0,0,0
0,,HTTPS,0,1292,0,0,0,0,0
0,,HTTPS,0,1292,0,0,0,0,0
0,,HTTPS,0,94,0,0,0,0,0
0,,HTTPS,0,94,0,0,0,0,0
0,,HTTPS,0,94,0,0,0,0,0
0,,HTTPS,0,86,0,0,0,0,0
0,,HTTPS,0,1292,0,0,0,0,0
0,,HTTPS,0,1292,0,0,0,0,0
0,,HTTPS,0,1292,0,0,0,0,0
0,,HTTPS,0,1292,0,0,0,0,0
0,,HTTPS,0,1292,0,0,0,0,0
0,,HTTPS,0,1292,0,0,0,0,0
0,,HTTPS,0,1292,0,0,0,0,0
0,,HTTPS,0,1292,0,0,0,0,0
0,,HTTPS,0,1292,0,0,0,0,0
0,,HTTPS,0,1292,0,0,0,0,0
0,,HTTPS,0,94,0,0,0,0,0
0,,HTTPS,0,1292,0,0,0,0,0
0,,HTTPS,0,1292,0,0,0,0,0
0,,HTTPS,0,1292,0,0,0,0,0
0,,HTTPS,0,1292,0,0,0,0,0
0,,HTTPS,0,1292,0,0,0,0,0
0,,HTTPS,0,1292,0,0,0,0,0
0,,HTTPS,0,1292,0,0,0,0,0
0,,HTTPS,0,1292,0,0,0,0,0
0,,HTTPS,0,139,0,0,0,0,0
0,,HTTPS,0,99,0,0,0,0,0
0,,HTTPS,0,95,0,0,0,0,0
0,,HTTPS,0,1292,0,0,0,0,0
0,,HTTPS,0,86,0,0,0,0,0
0,,HTTPS,0,92,0,0,0,0,0
0,,HTTPS,0,1292,0,0,0,0,0
0,,HTTPS,0,1292,0,0,0,0,0
0,,HTTPS,0,356,0,0,0,0,0
0,,HTTPS,0,998,0,0,0,0,0
0,,HTTPS,0,93,0,0,0,0,0
0,,HTTPS,0,86,0,0,0,0,0
0,,HTTPS,0,140,0,0,0,0,0
0,,HTTPS,0,93,0,0,0,0,0
0,,HTTPS,0,94,0,0,0,0,0
0,,HTTPS,0,1016,0,0,0,0,0
0,,HTTPS,0,182,0,0,0,0,0
0,,HTTPS,0,93,0,0,0,0,0
0,,HTTPS,0,1016,0,0,0,0,0
0,,HTTPS,0,1288,0,0,0,0,0
0,,HTTPS,0,1292,0,0,0,0,0
0,,HTTPS,0,1292,0,0,0,0,0
0,,HTTPS,0,1292,0,0,0,0,0
0,,HTTPS,0,1292,0,0,0,0,0
0,,HTTPS,0,1292,0,0,0,0,0
0,,HTTPS,0,1292,0,0,0,0,0
0,,HTTPS,0,1292,0,0,0,0,0
0,,HTTPS,0,1292,0,0,0,0,0
0,,HTTPS,0,1292,0,0,0,0,0
0,,HTTPS,0,1292,0,0,0,0,0
0,,HTTPS,0,1292,0,0,0,0,0
0,,HTTPS,0,1292,0,0,0,0,0
0,,HTTPS,0,1292,0,0,0,0,0
0,,HTTPS,0,1292,0,0,0,0,0
0,,HTTPS,0,1292,0,0,0,0,0
0,,HTTPS,0,1292,0,0,0,0,0
0,,HTTPS,0,1292,0,0,0,0,0
0,,HTTPS,0,1292,0,0,0,0,0
0,,HTTPS,0,1292,0,0,0,0,0
0,,HTTPS,0,1292,0,0,0,0,0
0,,HTTPS,0,1292,0,0,0,0,0
0,,HTTPS,0,1292,0,0,0,0,0
0,,HTTPS,0,1292,0,0,0,0,0
0,,HTTPS,0,1292,0,0,0,0,0
0,,HTTPS,0,1292,0,0,0,0,0
0,,HTTPS,0,1292,0,0,0,0,0
0,,HTTPS,0,1292,0,0,0,0,0
0,,HTTPS,0,1292,0,0,0,0,0
0,,HTTPS,0,1292,0,0,0,0,0
0,,HTTPS,0,1292,0,0,0,0,0
0,,HTTPS,0,1292,0,0,0,0,0
0,,HTTPS,0,98,0,0,0,0,0
0,,HTTPS,0,1292,0,0,0,0,0
0,,HTTPS,0,94,0,0,0,0,0
0,,HTTPS,0,1292,0,0,0,0,0
0,,HTTPS,0,1292,0,0,0,0,0
0,,HTTPS,0,1292,0,0,0,0,0
0,,HTTPS,0,1292,0,0,0,0,0
0,,HTTPS,0,1292,0,0,0,0,0
0,,HTTPS,0,1292,0,0,0,0,0
0,,HTTPS,0,1292,0,0,0,0,0
0,,HTTPS,0,1292,0,0,0,0,0
0,,HTTPS,0,1292,0,0,0,0,0
0,,HTTPS,0,1292,0,0,0,0,0
0,,HTTPS,0,1292,0,0,0,0,0
0,,HTTPS,0,1292,0,0,0,0,0
0,,HTTPS,0,1292,0,0,0,0,0
0,,HTTPS,0,1292,0,0,0,0,0
0,,HTTPS,0,1292,0,0,0,0,0
0,,HTTPS,0,1292,0,0,0,0,0
0,,HTTPS,0,1292,0,0,0,0,0
0,,HTTPS,0,1292,0,0,0,0,0
0,,HTTPS,0,1292,0,0,0,0,0
0,,HTTPS,0,1292,0,0,0,0,0
0,,HTTPS,0,1292,0,0,0,0,0
0,,HTTPS,0,1292,0,0,0,0,0
0,,HTTPS,0,1292,0,0,0,0,0
0,,HTTPS,0,1292,0,0,0,0,0
0,,HTTPS,0,1292,0,0,0,0,0
0,,HTTPS,0,1292,0,0,0,0,0
0,,HTTPS,0,1292,0,0,0,0,0
0,,HTTPS,0,1292,0,0,0,0,0
0,,HTTPS,0,1292,0,0,0,0,0
0,,HTTPS,0,1292,0,0,0,0,0
0,,HTTPS,0,94,0,0,0,0,0
0,,HTTPS,0,94,0,0,0,0,0
0,,HTTPS,0,94,0,0,0,0,0
0,,HTTPS,0,94,0,0,0,0,0
0,,HTTPS,0,94,0,0,0,0,0
0,,HTTPS,0,96,0,0,0,0,0
0,,HTTPS,0,89,0,0,0,0,0
0,,HTTPS,0,89,0,0,0,0,0
0,,HTTPS,0,1292,0,0,0,0,0
0,,HTTPS,0,1292,0,0,0,0,0
0,,HTTPS,0,1292,0,0,0,0,0
0,,HTTPS,0,1292,0,0,0,0,0
0,,HTTPS,0,1292,0,0,0,0,0
0,,HTTPS,0,1292,0,0,0,0,0
0,,HTTPS,0,96,0,0,0,0,0
0,,HTTPS,0,96,0,0,0,0,0
0,,HTTPS,0,1292,0,0,0,0,0
0,,HTTPS,0,1292,0,0,0,0,0
0,,HTTPS,0,1292,0,0,0,0,0
0,,HTTPS,0,1292,0,0,0,0,0
0,,HTTPS,0,1292,0,0,0,0,0
0,,HTTPS,0,449,0,0,0,0,0
0,,HTTPS,0,96,0,0,0,0,0
0,,HTTPS,0,1292,0,0,0,0,0
0,,HTTPS,0,1292,0,0,0,0,0
0,,HTTPS,0,1292,0,0,0,0,0
0,,HTTPS,0,1292,0,0,0,0,0
0,,HTTPS,0,1292,0,0,0,0,0
0,,HTTPS,0,1292,0,0,0,0,0
0,,HTTPS,0,1292,0,0,0,0,0
0,,HTTPS,0,1292,0,0,0,0,0
0,,HTTPS,0,1292,0,0,0,0,0
0,,HTTPS,0,1292,0,0,0,0,0
0,,HTTPS,0,1292,0,0,0,0,0
0,,HTTPS,0,1292,0,0,0,0,0
0,,HTTPS,0,1292,0,0,0,0,0
0,,HTTPS,0,1292,0,0,0,0,0
0,,HTTPS,0,96,0,0,0,0,0
0,,HTTPS,0,97,0,0,0,0,0
0,,HTTPS,0,496,0,0,0,0,0
0,,HTTPS,0,83,0,0,0,0,0
0,,HTTPS,0,95,0,0,0,0,0
0,,HTTPS,0,92,0,0,0,0,0
0,,HTTPS,0,147,0,0,0,0,0
0,,HTTPS,0,99,0,0,0,0,0
0,,HTTPS,0,95,0,0,0,0,0
0,,HTTPS,0,1023,0,0,0,0,0
0,,HTTPS,0,1288,0,0,0,0,0
0,,HTTPS,0,1292,0,0,0,0,0
0,,HTTPS,0,1292,0,0,0,0,0
0,,HTTPS,0,1292,0,0,0,0,0
0,,HTTPS,0,1292,0,0,0,0,0
0,,HTTPS,0,806,0,0,0,0,0
0,,HTTPS,0,98,0,0,0,0,0
0,,HTTPS,0,95,0,0,0,0,0
0,,HTTPS,0,92,0,0,0,0,0
0,,HTTPS,0,1028,0,0,0,0,0
0,,HTTPS,0,86,0,0,0,0,0
0,,HTTPS,0,1288,0,0,0,0,0
0,,HTTPS,0,226,0,0,0,0,0
0,,HTTPS,0,143,0,0,0,0,0
0,,HTTPS,0,98,0,0,0,0,0
0,,HTTPS,0,94,0,0,0,0,0
0,,HTTPS,0,91,0,0,0,0,0
0,,HTTPS,0,87,0,0,0,0,0
0,,HTTPS,0,1033,0,0,0,0,0
0,,HTTPS,0,98,0,0,0,0,0
0,,HTTPS,0,1050,0,0,0,0,0
0,,HTTPS,0,88,0,0,0,0,0
0,,HTTPS,0,91,0,0,0,0,0
0,,HTTPS,0,1288,0,0,0,0,0
0,,HTTPS,0,762,0,0,0,0,0
0,,HTTPS,0,98,0,0,0,0,0
0,,HTTPS,0,95,0,0,0,0,0
0,,HTTPS,0,88,0,0,0,0,0
0,,Other,0,42,0,0,0,0,0
0,,DNS,0,115,0,0,0,0,0
0,,DNS,0,115,0,0,0,0,0
0,,DNS,0,115,0,0,0,0,0
0,,DNS,0,227,0,0,0,0,0
0,,DNS,0,91,0,0,0,0,0
0,,DNS,0,91,0,0,0,0,0
0,,DNS,0,91,0,0,0,0,0
0,,DNS,0,371,0,0,0,0,0
0,,DNS,0,172,0,0,0,0,0
0,,HTTPS,0,1292,0,0,0,0,0
0,,HTTPS,0,1292,0,0,0,0,0
0,,HTTPS,0,1292,0,0,0,0,0
0,,HTTPS,0,142,0,0,0,0,0
0,,HTTPS,0,1292,0,0,0,0,0
0,17,DNS,0,71,37,0,0,0,0
0,17,DNS,0,71,37,0,0,0,0
0,17,DNS,0,71,37,0,0,0,0
0,,DNS,0,106,0,0,0,0,0
0,,DNS,0,119,0,0,0,0,0
0,,DNS,0,107,0,0,0,0,0
0,,HTTPS,S,86,0,0,0,0,0
0,17,DNS,0,99,65,0,0,0,0
0,17,DNS,0,87,53,0,0,0,0
0,,HTTPS,S,86,0,0,0,0,0
0,17,DNS,0,86,52,0,0,0,0
0,,HTTPS,0,1292,0,0,0,0,0
0,,HTTPS,0,1292,0,0,0,0,0
0,,HTTPS,0,1292,0,0,0,0,0
0,,HTTPS,0,1292,0,0,0,0,0
0,,HTTPS,SA,86,0,0,0,0,0
0,,HTTPS,A,74,0,0,0,0,0
0,,HTTPS,A,1514,0,0,0,0,0
0,,HTTPS,PA,419,0,0,0,0,0
0,,HTTPS,0,1292,0,0,0,0,0
0,,HTTPS,SA,86,0,0,0,0,0
0,,HTTPS,A,74,0,0,0,0,0
0,,HTTPS,A,1514,0,0,0,0,0
0,,HTTPS,PA,451,0,0,0,0,0
0,,HTTPS,A,74,0,0,0,0,0
0,,HTTPS,A,74,0,0,0,0,0
0,,HTTPS,A,74,0,0,0,0,0
0,,HTTPS,A,74,0,0,0,0,0
0,,HTTPS,0,1292,0,0,0,0,0
0,,HTTPS,0,1292,0,0,0,0,0
0,,HTTPS,0,1292,0,0,0,0,0
0,,HTTPS,0,326,0,0,0,0,0
0,,HTTPS,0,101,0,0,0,0,0
0,,HTTPS,0,228,0,0,0,0,0
0,,HTTPS,0,519,0,0,0,0,0
0,,HTTPS,0,1046,0,0,0,0,0
0,,HTTPS,0,183,0,0,0,0,0
0,,HTTPS,0,89,0,0,0,0,0
0,,HTTPS,0,93,0,0,0,0,0
0,,HTTPS,A,1294,0,0,0,0,0
0,,HTTPS,PA,1294,0,0,0,0,0
0,,HTTPS,A,1294,0,0,0,0,0
0,,HTTPS,PA,1294,0,0,0,0,0
0,,HTTPS,A,1294,0,0,0,0,0
0,,HTTPS,PA,1294,0,0,0,0,0
0,,HTTPS,PA,547,0,0,0,0,0
0,,HTTPS,A,74,0,0,0,0,0
0,,HTTPS,PA,148,0,0,0,0,0
0,,HTTPS,PA,166,0,0,0,0,0
0,,HTTPS,A,1514,0,0,0,0,0
0,,HTTPS,PA,741,0,0,0,0,0
0,,HTTPS,A,1294,0,0,0,0,0
0,,HTTPS,PA,1294,0,0,0,0,0
0,,HTTPS,A,1294,0,0,0,0,0
0,,HTTPS,PA,1294,0,0,0,0,0
0,,HTTPS,A,1294,0,0,0,0,0
0,,HTTPS,PA,1294,0,0,0,0,0
0,,HTTPS,PA,546,0,0,0,0,0
0,,HTTPS,A,74,0,0,0,0,0
0,,HTTPS,PA,148,0,0,0,0,0
0,,HTTPS,A,74,0,0,0,0,0
0,,HTTPS,A,74,0,0,0,0,0
0,,HTTPS,A,74,0,0,0,0,0
0,,HTTPS,A,74,0,0,0,0,0
0,,HTTPS,PA,1026,0,0,0,0,0
0,,HTTPS,0,94,0,0,0,0,0
0,,HTTPS,PA,105,0,0,0,0,0
0,,HTTPS,PA,105,0,0,0,0,0
0,,HTTPS,A,74,0,0,0,0,0
0,,HTTPS,A,74,0,0,0,0,0
0,,HTTPS,A,74,0,0,0,0,0
0,,HTTPS,PA,1026,0,0,0,0,0
0,,HTTPS,0,645,0,0,0,0,0
0,,HTTPS,0,214,0,0,0,0,0
0,,HTTPS,PA,1294,0,0,0,0,0
0,,HTTPS,PA,448,0,0,0,0,0
0,,HTTPS,PA,105,0,0,0,0,0
0,,HTTPS,PA,113,0,0,0,0,0
0,,HTTPS,A,74,0,0,0,0,0
0,,HTTPS,0,97,0,0,0,0,0
0,,HTTPS,PA,113,0,0,0,0,0
0,,HTTPS,0,215,0,0,0,0,0
0,,HTTPS,A,74,0,0,0,0,0
0,,HTTPS,0,89,0,0,0,0,0
0,,HTTPS,0,94,0,0,0,0,0
0,,HTTPS,A,74,0,0,0,0,0
0,,DNS,0,95,0,0,0,0,0
0,,DNS,0,95,0,0,0,0,0
0,,DNS,0,95,0,0,0,0,0
0,,DNS,0,385,0,0,0,0,0
0,,DNS,0,144,0,0,0,0,0
0,,DNS,0,241,0,0,0,0,0
0,,HTTPS,S,86,0,0,0,0,0
0,,HTTPS,SA,86,0,0,0,0,0
0,,HTTPS,A,74,0,0,0,0,0
0,,HTTPS,A,1514,0,0,0,0,0
0,,HTTPS,PA,423,0,0,0,0,0
0,,HTTPS,A,74,0,0,0,0,0
0,,HTTPS,A,74,0,0,0,0,0
0,,HTTPS,A,1294,0,0,0,0,0
0,,HTTPS,PA,1294,0,0,0,0,0
0,,HTTPS,A,1294,0,0,0,0,0
0,,HTTPS,PA,1294,0,0,0,0,0
0,,HTTPS,A,1294,0,0,0,0,0
0,,HTTPS,PA,1294,0,0,0,0,0
0,,HTTPS,PA,551,0,0,0,0,0
0,,HTTPS,A,74,0,0,0,0,0
0,,HTTPS,PA,148,0,0,0,0,0
0,,HTTPS,PA,166,0,0,0,0,0
0,,HTTPS,A,1514,0,0,0,0,0
0,,HTTPS,PA,772,0,0,0,0,0
0,,HTTPS,0,1288,0,0,0,0,0
0,,HTTPS,0,1292,0,0,0,0,0
0,,HTTPS,0,1292,0,0,0,0,0
0,,HTTPS,0,1292,0,0,0,0,0
0,,HTTPS,0,1292,0,0,0,0,0
0,,HTTPS,0,97,0,0,0,0,0
0,,HTTPS,0,93,0,0,0,0,0
0,,HTTPS,0,93,0,0,0,0,0
0,,HTTPS,0,1292,0,0,0,0,0
0,,HTTPS,0,814,0,0,0,0,0
0,,HTTPS,0,93,0,0,0,0,0
0,,HTTPS,0,85,0,0,0,0,0
0,,HTTPS,A,74,0,0,0,0,0
0,,HTTPS,A,74,0,0,0,0,0
0,,HTTPS,A,74,0,0,0,0,0
0,,HTTPS,PA,1034,0,0,0,0,0
0,,HTTPS,PA,105,0,0,0,0,0
0,,HTTPS,A,74,0,0,0,0,0
0,,HTTPS,PA,105,0,0,0,0,0
0,,HTTPS,A,74,0,0,0,0,0
0,,HTTPS,A,74,0,0,0,0,0
0,,HTTPS,0,94,0,0,0,0,0
0,,HTTPS,0,86,0,0,0,0,0
0,,HTTPS,PA,1294,0,0,0,0,0
0,,HTTPS,PA,596,0,0,0,0,0
0,,HTTPS,A,74,0,0,0,0,0
0,,HTTPS,PA,1294,0,0,0,0,0
0,,HTTPS,A,1294,0,0,0,0,0
0,,HTTPS,PA,1018,0,0,0,0,0
0,,HTTPS,PA,1294,0,0,0,0,0
0,,HTTPS,PA,1294,0,0,0,0,0
0,,HTTPS,A,1294,0,0,0,0,0
0,,HTTPS,PA,1294,0,0,0,0,0
0,,HTTPS,A,1294,0,0,0,0,0
0,,HTTPS,PA,1294,0,0,0,0,0
0,,HTTPS,A,1294,0,0,0,0,0
0,,HTTPS,PA,665,0,0,0,0,0
0,,HTTPS,PA,1294,0,0,0,0,0
0,,HTTPS,A,1294,0,0,0,0,0
0,,HTTPS,PA,1294,0,0,0,0,0
0,,HTTPS,A,1294,0,0,0,0,0
0,,HTTPS,PA,1294,0,0,0,0,0
0,,HTTPS,A,74,0,0,0,0,0
0,,HTTPS,A,1294,0,0,0,0,0
0,,HTTPS,PA,110,0,0,0,0,0
0,,HTTPS,A,1294,0,0,0,0,0
0,,HTTPS,PA,1294,0,0,0,0,0
0,,HTTPS,A,74,0,0,0,0,0
0,,HTTPS,A,1294,0,0,0,0,0
0,,HTTPS,PA,1294,0,0,0,0,0
0,,HTTPS,A,1294,0,0,0,0,0
0,,HTTPS,PA,1294,0,0,0,0,0
0,,HTTPS,A,74,0,0,0,0,0
0,,HTTPS,A,1294,0,0,0,0,0
0,,HTTPS,PA,1294,0,0,0,0,0
0,,HTTPS,A,74,0,0,0,0,0
0,,HTTPS,A,1294,0,0,0,0,0
0,,HTTPS,PA,1294,0,0,0,0,0
0,,HTTPS,A,1294,0,0,0,0,0
0,,HTTPS,PA,1294,0,0,0,0,0
0,,HTTPS,PA,136,0,0,0,0,0
0,,HTTPS,A,74,0,0,0,0,0
0,,DNS,0,91,0,0,0,0,0
0,,DNS,0,91,0,0,0,0,0
0,,DNS,0,91,0,0,0,0,0
0,,HTTPS,0,1292,0,0,0,0,0
0,,HTTPS,0,1292,0,0,0,0,0
0,,DNS,0,100,0,0,0,0,0
0,,DNS,0,203,0,0,0,0,0
0,,DNS,0,100,0,0,0,0,0
0,,DNS,0,100,0,0,0,0,0
0,,HTTPS,PA,503,0,0,0,0,0
0,,HTTPS,A,1514,0,0,0,0,0
0,,HTTPS,PA,351,0,0,0,0,0
0,,HTTPS,PA,242,0,0,0,0,0
0,,HTTPS,PA,194,0,0,0,0,0
0,,HTTPS,PA,212,0,0,0,0,0
0,,HTTPS,PA,221,0,0,0,0,0
0,,HTTPS,PA,203,0,0,0,0,0
0,,HTTPS,PA,201,0,0,0,0,0
0,,HTTPS,PA,219,0,0,0,0,0
0,,HTTPS,PA,187,0,0,0,0,0
0,,HTTPS,PA,250,0,0,0,0,0
0,,HTTPS,PA,186,0,0,0,0,0
0,,HTTPS,PA,192,0,0,0,0,0
0,,DNS,0,347,0,0,0,0,0
0,,DNS,0,128,0,0,0,0,0
0,,DNS,0,148,0,0,0,0,0
0,,DNS,0,116,0,0,0,0,0
0,,HTTPS,S,86,0,0,0,0,0
0,,DNS,0,157,0,0,0,0,0
0,,HTTPS,S,86,0,0,0,0,0
0,,HTTPS,0,1292,0,0,0,0,0
0,,HTTPS,0,1292,0,0,0,0,0
0,,HTTPS,0,1292,0,0,0,0,0
0,,HTTPS,0,1292,0,0,0,0,0
0,,HTTPS,A,74,0,0,0,0,0
0,,HTTPS,A,74,0,0,0,0,0
0,,HTTPS,A,74,0,0,0,0,0
0,,HTTPS,A,74,0,0,0,0,0
0,,HTTPS,A,74,0,0,0,0,0
0,,HTTPS,A,74,0,0,0,0,0
0,,HTTPS,A,74,0,0,0,0,0
0,,HTTPS,A,74,0,0,0,0,0
0,,HTTPS,A,74,0,0,0,0,0
0,,HTTPS,A,74,0,0,0,0,0
0,,HTTPS,A,74,0,0,0,0,0
0,,HTTPS,PA,439,0,0,0,0,0
0,,HTTPS,PA,894,0,0,0,0,0
0,,HTTPS,A,74,0,0,0,0,0
0,,HTTPS,PA,113,0,0,0,0,0
0,,HTTPS,PA,113,0,0,0,0,0
0,,HTTPS,SA,86,0,0,0,0,0
0,,HTTPS,A,74,0,0,0,0,0
0,,HTTPS,PA,187,0,0,0,0,0
0,,HTTPS,PA,1100,0,0,0,0,0
0,,HTTPS,A,74,0,0,0,0,0
0,,HTTPS,A,1514,0,0,0,0,0
0,,HTTPS,PA,419,0,0,0,0,0
0,,HTTPS,PA,205,0,0,0,0,0
0,,HTTPS,PA,1294,0,0,0,0,0
0,,HTTPS,A,74,0,0,0,0,0
0,,HTTPS,PA,1294,0,0,0,0,0
0,,HTTPS,A,74,0,0,0,0,0
0,,HTTPS,A,1294,0,0,0,0,0
0,,HTTPS,PA,1294,0,0,0,0,0
0,,HTTPS,A,74,0,0,0,0,0
0,,HTTPS,A,1294,0,0,0,0,0
0,,HTTPS,PA,1294,0,0,0,0,0
0,,HTTPS,A,74,0,0,0,0,0
0,,HTTPS,A,1294,0,0,0,0,0
0,,HTTPS,PA,1294,0,0,0,0,0
0,,HTTPS,A,74,0,0,0,0,0
0,,HTTPS,A,1294,0,0,0,0,0
0,,HTTPS,PA,1294,0,0,0,0,0
0,,HTTPS,A,74,0,0,0,0,0
0,,HTTPS,A,1294,0,0,0,0,0
0,,HTTPS,PA,1294,0,0,0,0,0
0,,HTTPS,A,74,0,0,0,0,0
0,,HTTPS,A,1294,0,0,0,0,0
0,,HTTPS,PA,1294,0,0,0,0,0
0,,HTTPS,A,74,0,0,0,0,0
0,,HTTPS,A,1294,0,0,0,0,0
0,,HTTPS,PA,1294,0,0,0,0,0
0,,HTTPS,A,74,0,0,0,0,0
0,,HTTPS,A,1294,0,0,0,0,0
0,,HTTPS,PA,1294,0,0,0,0,0
0,,HTTPS,A,74,0,0,0,0,0
0,,HTTPS,A,1294,0,0,0,0,0
0,,HTTPS,PA,1294,0,0,0,0,0
0,,HTTPS,A,1294,0,0,0,0,0
0,,HTTPS,PA,1294,0,0,0,0,0
0,,HTTPS,A,1294,0,0,0,0,0
0,,HTTPS,PA,1294,0,0,0,0,0
0,,HTTPS,A,74,0,0,0,0,0
0,,HTTPS,A,1294,0,0,0,0,0
0,,HTTPS,PA,1294,0,0,0,0,0
0,,HTTPS,A,74,0,0,0,0,0
0,,HTTPS,A,1294,0,0,0,0,0
0,,HTTPS,PA,1294,0,0,0,0,0
0,,HTTPS,A,74,0,0,0,0,0
0,,HTTPS,A,1294,0,0,0,0,0
0,,HTTPS,PA,1294,0,0,0,0,0
0,,HTTPS,A,74,0,0,0,0,0
0,,HTTPS,A,1294,0,0,0,0,0
0,,HTTPS,PA,1294,0,0,0,0,0
0,,HTTPS,A,74,0,0,0,0,0
0,,HTTPS,SA,86,0,0,0,0,0
0,,HTTPS,A,74,0,0,0,0,0
0,,HTTPS,A,1514,0,0,0,0,0
0,,HTTPS,PA,364,0,0,0,0,0
0,,HTTPS,A,1294,0,0,0,0,0
0,,HTTPS,PA,1294,0,0,0,0,0
0,,HTTPS,A,1294,0,0,0,0,0
0,,HTTPS,PA,1294,0,0,0,0,0
0,,HTTPS,A,1294,0,0,0,0,0
0,,HTTPS,PA,1294,0,0,0,0,0
0,,HTTPS,A,74,0,0,0,0,0
0,,HTTPS,A,1294,0,0,0,0,0
0,,HTTPS,PA,1294,0,0,0,0,0
0,,HTTPS,A,74,0,0,0,0,0
0,,HTTPS,A,1294,0,0,0,0,0
0,,HTTPS,PA,1294,0,0,0,0,0
0,,HTTPS,A,74,0,0,0,0,0
